{"cameraMode":{"drawMode":0,"name":"Shaded","section":"Shading Mode"},"sceneLighting":true,"audioPlay":false,"sceneViewState":{"showFog":true,"showMaterialUpdate":false,"showSkybox":true,"showFlares":true,"showImageEffects":true,"showParticleSystems":true},"in2DMode":false,"pivot":{"x":2.0502548217773439,"y":1.005997657775879,"z":21.101457595825197},"rotation":{"x":0.09394373744726181,"y":-0.0933421179652214,"z":0.008847186341881752,"w":0.9911527037620544},"size":29.49715805053711,"orthographic":false}