{"cameraMode":{"drawMode":0,"name":"Shaded","section":"Shading Mode"},"sceneLighting":false,"audioPlay":false,"sceneViewState":{"showFog":true,"showMaterialUpdate":false,"showSkybox":false,"showFlares":true,"showImageEffects":true,"showParticleSystems":true},"in2DMode":false,"pivot":{"x":-0.011508814990520478,"y":5.095931529998779,"z":32.96329879760742},"rotation":{"x":-0.15647011995315553,"y":0.8223659992218018,"z":-0.27069956064224245,"w":-0.4753451645374298},"size":6.040548324584961,"orthographic":false}