{"cameraMode":{"drawMode":0,"name":"Shaded","section":"Shading Mode"},"sceneLighting":false,"audioPlay":false,"sceneViewState":{"showFog":true,"showMaterialUpdate":false,"showSkybox":false,"showFlares":true,"showImageEffects":true,"showParticleSystems":true},"in2DMode":false,"pivot":{"x":0.16575002670288087,"y":22.794452667236329,"z":11.572200775146485},"rotation":{"x":0.3359413146972656,"y":0.34283944964408877,"z":-0.13281938433647157,"w":0.8671583533287048},"size":24.73517608642578,"orthographic":false}